PostId,UserId,Title,word_count,name,email,company_name,city
1,1,sunt aut facere repellat provident occaecati excepturi optio reprehenderit,20,Leanne Graham,Sincere@april.biz,Romaguera-Crona,Gwenborough
2,1,qui est esse,28,Leanne Graham,Sincere@april.biz,Romaguera-Crona,Gwenborough
3,1,ea molestias quasi exercitationem repellat qui ipsa sit aut,23,Leanne Graham,Sincere@april.biz,Romaguera-Crona,Gwenborough
4,1,eum et est occaecati,25,Leanne Graham,Sincere@april.biz,Romaguera-Crona,Gwenborough
5,1,nesciunt quas odio,20,Leanne Graham,Sincere@april.biz,Romaguera-Crona,Gwenborough
6,1,dolorem eum magni eos aperiam quia,23,Leanne Graham,Sincere@april.biz,Romaguera-Crona,Gwenborough
7,1,magnam facilis autem,24,Leanne Graham,Sincere@april.biz,Romaguera-Crona,Gwenborough
8,1,dolorem dolore est ipsam,23,Leanne Graham,Sincere@april.biz,Romaguera-Crona,Gwenborough
9,1,nesciunt iure omnis dolorem tempora et accusantium,20,Leanne Graham,Sincere@april.biz,Romaguera-Crona,Gwenborough
10,1,optio molestias id quia eum,18,Leanne Graham,Sincere@april.biz,Romaguera-Crona,Gwenborough
11,2,et ea vero quia laudantium autem,22,Ervin Howell,Shanna@melissa.tv,Deckow-Crist,Wisokyburgh
12,2,in quibusdam tempore odit est dolorem,23,Ervin Howell,Shanna@melissa.tv,Deckow-Crist,Wisokyburgh
13,2,dolorum ut in voluptas mollitia et saepe quo animi,26,Ervin Howell,Shanna@melissa.tv,Deckow-Crist,Wisokyburgh
14,2,voluptatem eligendi optio,19,Ervin Howell,Shanna@melissa.tv,Deckow-Crist,Wisokyburgh
15,2,eveniet quod temporibus,16,Ervin Howell,Shanna@melissa.tv,Deckow-Crist,Wisokyburgh
16,2,sint suscipit perspiciatis velit dolorum rerum ipsa laboriosam odio,25,Ervin Howell,Shanna@melissa.tv,Deckow-Crist,Wisokyburgh
17,2,fugit voluptas sed molestias voluptatem provident,21,Ervin Howell,Shanna@melissa.tv,Deckow-Crist,Wisokyburgh
18,2,voluptate et itaque vero tempora molestiae,15,Ervin Howell,Shanna@melissa.tv,Deckow-Crist,Wisokyburgh
19,2,adipisci placeat illum aut reiciendis qui,19,Ervin Howell,Shanna@melissa.tv,Deckow-Crist,Wisokyburgh
20,2,doloribus ad provident suscipit at,24,Ervin Howell,Shanna@melissa.tv,Deckow-Crist,Wisokyburgh
21,3,asperiores ea ipsam voluptatibus modi minima quia sint,21,Clementine Bauch,Nathan@yesenia.net,Romaguera-Jacobson,McKenziehaven
22,3,dolor sint quo a velit explicabo quia nam,19,Clementine Bauch,Nathan@yesenia.net,Romaguera-Jacobson,McKenziehaven
23,3,maxime id vitae nihil numquam,23,Clementine Bauch,Nathan@yesenia.net,Romaguera-Jacobson,McKenziehaven
24,3,autem hic labore sunt dolores incidunt,18,Clementine Bauch,Nathan@yesenia.net,Romaguera-Jacobson,McKenziehaven
25,3,rem alias distinctio quo quis,19,Clementine Bauch,Nathan@yesenia.net,Romaguera-Jacobson,McKenziehaven
26,3,est et quae odit qui non,19,Clementine Bauch,Nathan@yesenia.net,Romaguera-Jacobson,McKenziehaven
27,3,quasi id et eos tenetur aut quo autem,24,Clementine Bauch,Nathan@yesenia.net,Romaguera-Jacobson,McKenziehaven
28,3,delectus ullam et corporis nulla voluptas sequi,18,Clementine Bauch,Nathan@yesenia.net,Romaguera-Jacobson,McKenziehaven
29,3,iusto eius quod necessitatibus culpa ea,20,Clementine Bauch,Nathan@yesenia.net,Romaguera-Jacobson,McKenziehaven
30,3,a quo magni similique perferendis,18,Clementine Bauch,Nathan@yesenia.net,Romaguera-Jacobson,McKenziehaven
31,4,ullam ut quidem id aut vel consequuntur,23,Patricia Lebsack,Julianne.OConner@kory.org,Robel-Corkery,South Elvis
32,4,doloremque illum aliquid sunt,25,Patricia Lebsack,Julianne.OConner@kory.org,Robel-Corkery,South Elvis
33,4,qui explicabo molestiae dolorem,22,Patricia Lebsack,Julianne.OConner@kory.org,Robel-Corkery,South Elvis
34,4,magnam ut rerum iure,26,Patricia Lebsack,Julianne.OConner@kory.org,Robel-Corkery,South Elvis
35,4,id nihil consequatur molestias animi provident,22,Patricia Lebsack,Julianne.OConner@kory.org,Robel-Corkery,South Elvis
36,4,fuga nam accusamus voluptas reiciendis itaque,29,Patricia Lebsack,Julianne.OConner@kory.org,Robel-Corkery,South Elvis
37,4,provident vel ut sit ratione est,26,Patricia Lebsack,Julianne.OConner@kory.org,Robel-Corkery,South Elvis
38,4,explicabo et eos deleniti nostrum ab id repellendus,27,Patricia Lebsack,Julianne.OConner@kory.org,Robel-Corkery,South Elvis
39,4,eos dolorem iste accusantium est eaque quam,24,Patricia Lebsack,Julianne.OConner@kory.org,Robel-Corkery,South Elvis
40,4,enim quo cumque,23,Patricia Lebsack,Julianne.OConner@kory.org,Robel-Corkery,South Elvis
41,5,non est facere,22,Chelsey Dietrich,Lucio_Hettinger@annie.ca,Keebler LLC,Roscoeview
42,5,commodi ullam sint et excepturi error explicabo praesentium voluptas,22,Chelsey Dietrich,Lucio_Hettinger@annie.ca,Keebler LLC,Roscoeview
43,5,eligendi iste nostrum consequuntur adipisci praesentium sit beatae perferendis,26,Chelsey Dietrich,Lucio_Hettinger@annie.ca,Keebler LLC,Roscoeview
44,5,optio dolor molestias sit,24,Chelsey Dietrich,Lucio_Hettinger@annie.ca,Keebler LLC,Roscoeview
45,5,ut numquam possimus omnis eius suscipit laudantium iure,15,Chelsey Dietrich,Lucio_Hettinger@annie.ca,Keebler LLC,Roscoeview
46,5,aut quo modi neque nostrum ducimus,13,Chelsey Dietrich,Lucio_Hettinger@annie.ca,Keebler LLC,Roscoeview
47,5,quibusdam cumque rem aut deserunt,21,Chelsey Dietrich,Lucio_Hettinger@annie.ca,Keebler LLC,Roscoeview
48,5,ut voluptatem illum ea doloribus itaque eos,19,Chelsey Dietrich,Lucio_Hettinger@annie.ca,Keebler LLC,Roscoeview
49,5,laborum non sunt aut ut assumenda perspiciatis voluptas,22,Chelsey Dietrich,Lucio_Hettinger@annie.ca,Keebler LLC,Roscoeview
50,5,repellendus qui recusandae incidunt voluptates tenetur qui omnis exercitationem,23,Chelsey Dietrich,Lucio_Hettinger@annie.ca,Keebler LLC,Roscoeview
51,6,soluta aliquam aperiam consequatur illo quis voluptas,14,Mrs. Dennis Schulist,Karley_Dach@jasper.info,Considine-Lockman,South Christy
52,6,qui enim et consequuntur quia animi quis voluptate quibusdam,20,Mrs. Dennis Schulist,Karley_Dach@jasper.info,Considine-Lockman,South Christy
53,6,ut quo aut ducimus alias,21,Mrs. Dennis Schulist,Karley_Dach@jasper.info,Considine-Lockman,South Christy
54,6,sit asperiores ipsam eveniet odio non quia,14,Mrs. Dennis Schulist,Karley_Dach@jasper.info,Considine-Lockman,South Christy
55,6,sit vel voluptatem et non libero,20,Mrs. Dennis Schulist,Karley_Dach@jasper.info,Considine-Lockman,South Christy
56,6,qui et at rerum necessitatibus,19,Mrs. Dennis Schulist,Karley_Dach@jasper.info,Considine-Lockman,South Christy
57,6,sed ab est est,17,Mrs. Dennis Schulist,Karley_Dach@jasper.info,Considine-Lockman,South Christy
58,6,voluptatum itaque dolores nisi et quasi,19,Mrs. Dennis Schulist,Karley_Dach@jasper.info,Considine-Lockman,South Christy
59,6,qui commodi dolor at maiores et quis id accusantium,29,Mrs. Dennis Schulist,Karley_Dach@jasper.info,Considine-Lockman,South Christy
60,6,consequatur placeat omnis quisquam quia reprehenderit fugit veritatis facere,18,Mrs. Dennis Schulist,Karley_Dach@jasper.info,Considine-Lockman,South Christy
61,7,voluptatem doloribus consectetur est ut ducimus,21,Kurtis Weissnat,Telly.Hoeger@billy.biz,Johns Group,Howemouth
62,7,beatae enim quia vel,21,Kurtis Weissnat,Telly.Hoeger@billy.biz,Johns Group,Howemouth
63,7,voluptas blanditiis repellendus animi ducimus error sapiente et suscipit,25,Kurtis Weissnat,Telly.Hoeger@billy.biz,Johns Group,Howemouth
64,7,et fugit quas eum in in aperiam quod,17,Kurtis Weissnat,Telly.Hoeger@billy.biz,Johns Group,Howemouth
65,7,consequatur id enim sunt et et,22,Kurtis Weissnat,Telly.Hoeger@billy.biz,Johns Group,Howemouth
66,7,repudiandae ea animi iusto,20,Kurtis Weissnat,Telly.Hoeger@billy.biz,Johns Group,Howemouth
67,7,aliquid eos sed fuga est maxime repellendus,18,Kurtis Weissnat,Telly.Hoeger@billy.biz,Johns Group,Howemouth
68,7,odio quis facere architecto reiciendis optio,16,Kurtis Weissnat,Telly.Hoeger@billy.biz,Johns Group,Howemouth
69,7,fugiat quod pariatur odit minima,28,Kurtis Weissnat,Telly.Hoeger@billy.biz,Johns Group,Howemouth
70,7,voluptatem laborum magni,16,Kurtis Weissnat,Telly.Hoeger@billy.biz,Johns Group,Howemouth
71,8,et iusto veniam et illum aut fuga,19,Nicholas Runolfsdottir V,Sherwood@rosamond.me,Abernathy Group,Aliyaview
72,8,sint hic doloribus consequatur eos non id,21,Nicholas Runolfsdottir V,Sherwood@rosamond.me,Abernathy Group,Aliyaview
73,8,consequuntur deleniti eos quia temporibus ab aliquid at,21,Nicholas Runolfsdottir V,Sherwood@rosamond.me,Abernathy Group,Aliyaview
74,8,enim unde ratione doloribus quas enim ut sit sapiente,23,Nicholas Runolfsdottir V,Sherwood@rosamond.me,Abernathy Group,Aliyaview
75,8,dignissimos eum dolor ut enim et delectus in,27,Nicholas Runolfsdottir V,Sherwood@rosamond.me,Abernathy Group,Aliyaview
76,8,doloremque officiis ad et non perferendis,13,Nicholas Runolfsdottir V,Sherwood@rosamond.me,Abernathy Group,Aliyaview
77,8,necessitatibus quasi exercitationem odio,24,Nicholas Runolfsdottir V,Sherwood@rosamond.me,Abernathy Group,Aliyaview
78,8,quam voluptatibus rerum veritatis,15,Nicholas Runolfsdottir V,Sherwood@rosamond.me,Abernathy Group,Aliyaview
79,8,pariatur consequatur quia magnam autem omnis non amet,21,Nicholas Runolfsdottir V,Sherwood@rosamond.me,Abernathy Group,Aliyaview
80,8,labore in ex et explicabo corporis aut quas,24,Nicholas Runolfsdottir V,Sherwood@rosamond.me,Abernathy Group,Aliyaview
81,9,tempora rem veritatis voluptas quo dolores vero,25,Glenna Reichert,Chaim_McDermott@dana.io,Yost and Sons,Bartholomebury
82,9,laudantium voluptate suscipit sunt enim enim,24,Glenna Reichert,Chaim_McDermott@dana.io,Yost and Sons,Bartholomebury
83,9,odit et voluptates doloribus alias odio et,22,Glenna Reichert,Chaim_McDermott@dana.io,Yost and Sons,Bartholomebury
84,9,optio ipsam molestias necessitatibus occaecati facilis veritatis dolores aut,17,Glenna Reichert,Chaim_McDermott@dana.io,Yost and Sons,Bartholomebury
85,9,dolore veritatis porro provident adipisci blanditiis et sunt,21,Glenna Reichert,Chaim_McDermott@dana.io,Yost and Sons,Bartholomebury
86,9,placeat quia et porro iste,21,Glenna Reichert,Chaim_McDermott@dana.io,Yost and Sons,Bartholomebury
87,9,nostrum quis quasi placeat,13,Glenna Reichert,Chaim_McDermott@dana.io,Yost and Sons,Bartholomebury
88,9,sapiente omnis fugit eos,13,Glenna Reichert,Chaim_McDermott@dana.io,Yost and Sons,Bartholomebury
89,9,sint soluta et vel magnam aut ut sed qui,19,Glenna Reichert,Chaim_McDermott@dana.io,Yost and Sons,Bartholomebury
90,9,ad iusto omnis odit dolor voluptatibus,18,Glenna Reichert,Chaim_McDermott@dana.io,Yost and Sons,Bartholomebury
91,10,aut amet sed,18,Clementina DuBuque,Rey.Padberg@karina.biz,Hoeger LLC,Lebsackbury
92,10,ratione ex tenetur perferendis,19,Clementina DuBuque,Rey.Padberg@karina.biz,Hoeger LLC,Lebsackbury
93,10,beatae soluta recusandae,24,Clementina DuBuque,Rey.Padberg@karina.biz,Hoeger LLC,Lebsackbury
94,10,qui qui voluptates illo iste minima,21,Clementina DuBuque,Rey.Padberg@karina.biz,Hoeger LLC,Lebsackbury
95,10,id minus libero illum nam ad officiis,23,Clementina DuBuque,Rey.Padberg@karina.biz,Hoeger LLC,Lebsackbury
96,10,quaerat velit veniam amet cupiditate aut numquam ut sequi,17,Clementina DuBuque,Rey.Padberg@karina.biz,Hoeger LLC,Lebsackbury
97,10,quas fugiat ut perspiciatis vero provident,29,Clementina DuBuque,Rey.Padberg@karina.biz,Hoeger LLC,Lebsackbury
98,10,laboriosam dolor voluptates,16,Clementina DuBuque,Rey.Padberg@karina.biz,Hoeger LLC,Lebsackbury
99,10,temporibus sit alias delectus eligendi possimus magni,14,Clementina DuBuque,Rey.Padberg@karina.biz,Hoeger LLC,Lebsackbury
100,10,at nam consequatur ea labore ea harum,21,Clementina DuBuque,Rey.Padberg@karina.biz,Hoeger LLC,Lebsackbury
